,date,dewpoint,et_loss,ndvi,precipitation,radiation,sca,dd,temp,runoff
0,2000-06-30,270.2741110597895,0.0353844943073007,0.1678946543780428,1.0812647176337309,8552.215166915506,15695.091987669004,0.0,253.92469640138876,1.0097778915509417
1,2000-07-31,275.63490710324055,0.005471431283167,0.2148348214396578,2.0744226409723656,8945.476525686356,6188.4349626529065,0.0,251.86571943711655,0.5430378790517398
2,2000-08-31,273.6433629233428,0.0164861403903494,0.1717952136350174,1.2085435300055776,8787.250911339825,10114.130241438372,0.0,256.91356925579964,0.373699950289598
3,2000-09-30,266.7808440981595,0.0405313068487491,0.1483839165377211,0.8577587729066728,7687.016191828093,12888.810599153408,0.0,263.0944858194653,0.1961650463254396
4,2000-10-31,259.41286168202845,0.0299505905710218,0.1131287211086795,0.2312643769335484,5685.865842266184,19583.6237360288,0.0,271.55196378198093,0.145426272929367
5,2000-11-30,253.0906922677464,0.0876810382934233,0.3320885257510854,0.1611513075638732,3036.9505923269585,21183.674218299217,3.271130427354933,276.27113042735493,0.0867781820761666
6,2000-12-31,247.38978880792897,0.0260666074272149,0.3203468802360703,0.1754265244972698,1635.3067353809588,36902.80038527945,7.535170066395835,280.53517006639584,0.0573781217081578
7,2001-01-31,245.38554585719783,0.0433464717450337,0.3124862520323528,0.0634523596093306,1916.2051051336316,35286.36877045779,5.745642989279702,278.7456429892797,0.0433259821989374
8,2001-02-28,249.2473119346048,0.0358782074326154,0.2774319003761967,0.1220056982835666,1990.0037645108805,25131.303245473955,1.499668988330427,274.4996689883304,0.0357438403694921
9,2001-03-31,250.23854222954188,0.092486794979281,0.3164212627611242,0.3493435565219147,3030.571861605695,46124.160930939994,0.0,266.7276855263752,0.0442212781877361
10,2001-04-30,259.3900165242574,0.0950702551771889,0.3554681893572734,0.5107918804468873,3730.624550810244,34841.22505249145,0.0,259.42624733340483,0.1609599564886278
11,2001-05-31,263.82585785581125,0.0657914072593026,0.1913586948138564,0.4138044061910513,6587.419005143819,37103.59271544621,0.0,253.82108587667025,1.2425642312506542
12,2001-06-30,270.5804715324264,0.0230754338284519,0.1327212680037459,1.281268952400246,8710.314212859943,19325.23853833783,0.0,251.74864208705276,1.2673529613262262
13,2001-07-31,274.91911962399166,0.0098031259058831,0.1874310531614686,2.6706397193985345,8963.744604933201,10008.670846816332,0.0,254.3582439281276,0.5072392195717794
14,2001-08-31,272.76082113438775,0.0177139502387846,0.1445019754873308,0.9865595609760864,9263.307578980774,9942.814732815174,0.0,256.9474474479789,0.3276295403560473
15,2001-09-30,265.7378202687511,0.0435392771515757,0.1483762723075484,0.6869957229947437,7476.27833766737,14999.81931449766,0.0,264.09377327539084,0.1718218104418142
16,2001-10-31,258.7303669070828,0.0428158900013432,0.1287250165029123,0.260683156203153,5959.298978522101,27495.641844724003,0.0,270.3951432447528,0.1205568556888747
17,2001-11-30,250.55180815080448,0.0416246328588295,0.2461038497766724,0.386428175572036,2338.3174382358116,52083.95941703486,3.984160404316185,276.9841604043162,0.0718577320330339
18,2001-12-31,249.4750087859911,0.0207353602414688,0.3398948674532784,0.1102298692243377,1541.0272117347463,34206.69039649214,7.763478496534674,280.7634784965347,0.0511093140503826
19,2002-01-31,244.9933882901453,0.0438861690748072,0.3437607047249359,0.2715683249680668,1833.671719996279,50614.96103990027,6.389685240601864,279.38968524060186,0.0413714090837898
20,2002-02-28,249.73458228444468,0.032594882660491,0.374992171839888,0.3457615336354623,1693.3492022171588,30466.26062069571,0.0,272.8481925797167,0.037981893433364
21,2002-03-31,252.7742089266722,0.0893148166475319,0.4179998246528755,0.5985603662657102,2595.4022607890083,57683.442043691735,0.0,266.5569959527122,0.0635250800167453
22,2002-04-30,259.5408257684609,0.0791814338533807,0.4141445413385094,0.8028888522866217,2964.981147950671,41542.52153514109,0.0,257.55977965038096,0.1386185560422356
23,2002-05-31,263.6858411116145,0.0740146633210852,0.289005819118163,0.4971448071696812,4623.044788279179,41644.82151729908,0.0,254.65721509634295,0.8008824555610912
24,2002-06-30,268.55526107976885,0.0478943130167253,0.1992510455224578,1.216360016907852,7177.348461382871,29683.6402331422,0.0,251.39072048640065,2.3618068087480437
25,2002-07-31,272.6281790759331,0.0275775044300252,0.1874416527798132,1.1809767927943418,9207.391314592463,11222.449887183748,0.0,254.54781594923975,1.420513762220622
26,2002-08-31,275.2494642181774,0.007843755622526,0.2069696859180468,2.1849936424963317,8368.27589401969,12334.558266893751,0.0,258.7043359777162,0.6848249952612615
27,2002-09-30,266.92519153504753,0.067918824150629,0.2265709284772598,1.0869589795396415,7043.853495381961,14936.98314549575,0.0,264.05186751960014,0.2189327152176449
28,2002-10-31,261.0531960383495,0.0693711189794489,0.1756953946562873,0.1709110984090888,6473.682965805653,24988.32286571158,0.0,268.2840899771366,0.1203472671187732
29,2002-11-30,253.5992469738323,0.0435602225814567,0.1483716562998618,0.0767390713564654,4097.4514580492105,25497.316897726807,0.9661867551891419,273.96618675518914,0.0860894514069347
30,2002-12-31,250.68213353338496,0.0065688527989313,0.1130178099222766,0.2578150348645104,1823.338118382204,20704.89209237855,5.525224901841796,278.5252249018418,0.0533557259688413
31,2003-01-31,248.51313144581516,0.0319170370506993,0.2304498659344608,0.1206915842863404,2076.311800188945,19289.24983884913,7.284390172717394,280.2843901727174,0.0397732950925826
32,2003-02-28,250.97374576365095,0.0195374616498796,0.3672209349427202,0.9016177102876216,1507.3296177621717,24566.683633457975,0.0,272.2758695102224,0.0599260266247458
33,2003-03-31,253.7411653408715,0.0612172044476727,0.4296971244020533,0.8192230517508909,2156.622425265032,27161.848478383392,0.0,267.7028023732588,0.1057331736457513
34,2003-04-30,259.27889665712115,0.0910709833219325,0.4882892189815235,1.0054163288988576,2850.459964625384,44836.5070364214,0.0,261.0686744788041,0.1720508468312891
35,2003-05-31,260.67102107777305,0.0926905181684381,0.3633336886253482,1.14786203268061,3801.742127299331,42845.964282876856,0.0,255.59836577316253,0.4570898684463991
36,2003-06-30,267.4682518215327,0.0862945295380075,0.3086983794576541,0.777251235982309,6474.268442510193,35350.1665524691,0.0,254.32535918175785,3.15643104681514
37,2003-07-31,272.9189223263407,0.0201054961577261,0.1640168628176037,1.9019364663062424,8981.455590644708,18789.20751653323,0.0,255.44000380985105,2.5781548797566907
38,2003-08-31,273.52511394540545,0.0228875722902565,0.2108940221609525,1.7126685515968891,8658.421277381998,7810.219279550406,0.0,258.1569640500401,0.5566426550254445
39,2003-09-30,268.9956137868838,0.027850343599866,0.1483602362431528,1.8736468090494156,7017.65768993889,12825.099311109983,0.0,263.66458357849933,0.2579506215035075
40,2003-10-31,256.3874084506862,0.0407859033900298,0.1287723992856812,0.2305467722204963,5191.1220186109285,40367.71672513756,0.0,265.2104878100671,0.1300952815579312
41,2003-11-30,250.15525562782753,0.0229256577696636,0.12882131211744,0.2852251385321286,2888.987973839188,32640.535620685267,0.0,272.6369144589979,0.083085716797833
42,2003-12-31,249.91982383053747,0.0061936758743411,0.1210356518120315,0.2897392407571334,1689.125349131832,18390.021769043982,6.592292130326712,279.5922921303267,0.0596369178433751
43,2004-01-31,249.67867174809612,0.0102403324890879,0.3945826241360179,0.4092822881183195,1324.294638167946,24113.67244896904,6.221702986320338,279.22170298632034,0.0564287183556663
44,2004-02-29,248.43091467624035,0.0482486409629079,0.4374821743982195,0.2523969681330286,1786.0771959820672,49067.49748090081,1.8570968519214262,274.8570968519214,0.0592282326087821
45,2004-03-31,255.38095994021305,0.0976413789043968,0.4297309336180639,0.2630858239620258,2867.353200404217,46150.31196062484,0.0,263.947306904501,0.1121709027842792
46,2004-04-30,260.27432731991377,0.0769843455918604,0.3633415677166223,1.166801915682658,3301.408372988248,33003.45795949033,0.0,257.98413351189737,0.2089820724629145
47,2004-05-31,262.2164793873511,0.097660193280486,0.3085833745750259,0.9302975535887328,4927.320227168047,45897.22520887404,0.0,254.36885386871745,0.7514610329262847
48,2004-06-30,268.0933322942891,0.068168882537653,0.2460909863935023,1.068960573545465,7201.999264021,25090.852587250098,0.0,253.8680980378547,2.5439870540408775
49,2004-07-31,271.99963724419206,0.0458912583399778,0.2382919638278161,1.6016583885997293,9308.793295347206,13965.86149430684,0.0,254.50504356721217,1.4166079397508644
50,2004-08-31,272.1836809966833,0.0265691806021291,0.1718133486870955,1.774972118679688,9032.805099381052,11404.79482436844,0.0,260.70172392848366,0.4337008693612865
51,2004-09-30,266.6306539523244,0.0688230656144572,0.2031062243622693,0.8378197561198402,7888.005398351591,16392.18775054398,0.0,265.0723838496773,0.1951980878412968
52,2004-10-31,257.0300687958936,0.040880115893062,0.1835907842158128,1.1618612009859364,3482.638175918029,36703.18871195528,0.0,267.62345505103946,0.1268366712389052
53,2004-11-30,252.119633369619,0.0354402694814594,0.1757096131318285,0.1778035270258889,2875.845207233044,38248.79514912641,0.4929421889392529,273.49294218893925,0.0735925036049965
54,2004-12-31,251.360974142728,0.0284517129242125,0.332060142784304,0.3659650307752801,1733.595610852936,18909.696108301985,5.36975823685998,278.36975823686,0.0599531584645416
55,2005-01-31,247.6219605777368,0.0171678358415066,0.4179060155041617,0.390847227867169,1394.5320532929118,35723.65276190243,5.692241717947809,278.6922417179478,0.0423201391024118
56,2005-02-28,251.82117716215708,0.0057103862972068,0.3601955948721612,0.7213469159270453,1274.2451583591596,14871.470726849251,2.050307263945399,275.0503072639454,0.0906470217038826
57,2005-03-31,256.52941128880104,0.0653331873098877,0.4609079401540914,0.8455945627125686,2278.2549467375616,34710.91682861487,0.0,262.2573915952076,0.164449707352211
58,2005-04-30,256.60492788125646,0.1130410775727259,0.4872508125473679,0.8681607774012845,2976.272739659126,46489.99807285245,0.0,258.00204972463354,0.1937890148764188
59,2005-05-31,263.5621637674853,0.1128680743504481,0.4609687110100831,1.0195929696564316,4146.180540036417,25892.87865565575,0.0,256.4849916992062,0.5769160855829065
60,2005-06-30,267.95045743541004,0.0640278633683095,0.2734704989689528,0.4967605530830612,6022.679496729302,41082.255906344006,0.0,252.05280257929988,2.936372984661628
61,2005-07-31,274.08211690873026,0.0159602478665935,0.207020902804873,2.153275296698369,7909.960060196632,16319.874658471414,0.0,255.78028239379165,3.239122918340813
62,2005-08-31,272.0927205153951,0.0326300740488472,0.1913687304352397,1.170775674074332,9205.385007208864,13111.046524649011,0.0,260.5630490687042,0.5943960988317138
63,2005-09-30,268.5219162418674,0.045579588797609,0.179592162691809,0.981231315707233,7800.69604347261,15605.38222356248,0.0,262.00780766938516,0.2155879033328365
64,2005-10-31,257.3693501740612,0.042144271058083,0.1287840995816272,0.3018205689232328,5540.467863984822,30175.023673694843,0.0,267.28739042914304,0.1225947176740532
65,2005-11-30,251.3218110139967,0.0206031864643535,0.1131168991033552,0.1764070982704255,3268.354112927606,23410.86334344422,0.0,272.4233027726818,0.0731447317326939
66,2005-12-31,246.21938258171747,0.0118604166180399,0.0975896956713777,0.0727341788843698,2590.4758002990543,32220.802682480506,5.8878294041346635,278.88782940413466,0.0498865604400357
67,2006-01-31,249.9336271480276,4.25343e-11,0.3125132408487091,0.63131345218994,1169.768120458106,20150.01146223726,5.981655799024054,278.98165579902405,0.0387645895095019
68,2006-02-28,255.3182807282519,0.0151264613248295,0.4179714689947537,0.4924010947685873,1440.5892379766974,29527.950112072413,3.037990051242673,276.0379900512427,0.0463037781847968
69,2006-03-31,253.23073397729735,0.0911865838085396,0.4687196916323543,0.3922645217893504,2469.7969925061893,38211.54963780661,0.0,265.70307882748466,0.052769504984697
70,2006-04-30,257.2618221400527,0.1098653419491156,0.4531181469271899,0.5776260515498554,3144.130296096478,51283.649520408224,0.0,257.6349429354844,0.1240713939858569
71,2006-05-31,265.59526964255986,0.0691310288187987,0.2343315059302195,0.4014033709128995,6168.69777050538,45493.76441600549,0.0,253.63039076303284,2.567862905547402
72,2006-06-30,268.8111655231161,0.0538363252325155,0.2108960511546387,0.7891558358082115,7614.864979587662,21003.948026468533,0.0,254.386018260854,1.9862597300273492
73,2006-07-31,274.47000901042156,0.0166181550786156,0.2187442328739748,2.9282437295945147,9088.445058710417,17872.493245315316,0.0,259.37062794998553,0.9372421081481346
74,2006-08-31,276.09132808061855,0.0010796908485167,0.1992184981816277,2.8460229076506516,7940.561455685359,6477.585784955661,0.0,258.2688800095091,0.7608739905076406
75,2006-09-30,268.0693132238725,0.0416836367510023,0.1717719150643558,1.3290551506999828,7300.208503941874,18116.313826177324,0.0,262.32886941200445,0.2870149341694665
76,2006-10-31,260.97007211247353,0.052443608900367,0.1522650706601501,0.3207244923408251,6174.014707979042,23658.51162277434,0.0,271.01826462594386,0.1516082430591993
77,2006-11-30,253.9719135726683,0.048367974865567,0.2108755485271783,0.4384083696765123,3102.6731836152435,27242.749530423913,1.525834429124302,274.5258344291243,0.0965599091233088
78,2006-12-31,249.0737032876015,0.0093200097299034,0.4454120503453896,0.5463168845175858,1289.1249958114774,37378.24114525296,7.481639779313525,280.4816397793135,0.0728975718950856
79,2007-01-31,246.0310127664048,0.0341905591190686,0.2733823056482442,0.0431557599889936,1881.490265056164,46594.27564315977,6.8508454984871605,279.85084549848716,0.0486881912116715
80,2007-02-28,252.5749404522437,0.0431835472215232,0.3984999066404165,0.4502218034175826,1892.669263567827,19075.54963375376,0.9628973516538508,273.96289735165385,0.0581633213450214
81,2007-03-31,253.8900350109141,0.0695424528777681,0.4648381231703461,1.268677249300687,2200.2554489206905,40148.26622914059,0.0,267.7457396784616,0.1583802016451835
82,2007-04-30,259.36103509774085,0.1312182844966539,0.4063229562972161,0.5370526133868203,4179.626998654591,58792.63032384228,0.0,259.6212375068208,0.5380538654282068
83,2007-05-31,266.32185439805625,0.0873651112011482,0.281181721494688,0.6847595590657033,6511.485515139691,27139.849336633783,0.0,254.15519151255648,1.9197849477342677
84,2007-06-30,270.78804352745993,0.0437102704147655,0.2187121667659558,1.4631354814450102,7946.438729717448,25674.494582605468,0.0,251.5043013336628,1.7980609604698732
85,2007-07-31,273.8002419731862,0.0225256471717648,0.2108690138722928,2.0365246495639258,9370.734439825108,12879.37288442068,0.0,256.8079422068953,0.6668966540448582
86,2007-08-31,273.6843571018788,0.0174026491438615,0.1757150894902623,1.4356305481556946,9061.897876007926,7738.83861012902,0.0,258.55936348647936,0.4788465055314413
87,2007-09-30,268.95863066441404,0.0354475541613512,0.1678921522304616,0.9580123208261576,7230.343847038618,13296.227387243382,0.0,265.67712852325855,0.234487753996947
88,2007-10-31,257.96641886335937,0.0693745243618982,0.1679192108758977,0.105321933110655,5896.853919290791,20351.485753182023,0.0,271.0605925178767,0.1266324775796154
89,2007-11-30,253.5042310632516,0.0462987213151652,0.1366720639362866,0.1402626787679201,4743.417144612364,20731.187628941658,3.5864593976643278,276.5864593976643,0.0837734581287606
90,2007-12-31,249.5663394637896,0.0137136428676793,0.1443657794186347,0.1130595291667354,1989.4304906418056,22722.813127586076,6.760649526823045,279.76064952682304,0.0541970899777132
91,2008-01-31,247.7735576831547,0.0057654499618572,0.3670875014337925,0.6959463659083909,1258.2235538407888,15748.069460296872,7.283680220469876,280.2836802204699,0.0456637338044183
92,2008-02-29,247.6772272095668,0.0360467518580721,0.3632131691329613,0.2105158752297672,1727.9948961585476,38435.64972608461,1.9355980512318638,274.93559805123186,0.035135585061649
93,2008-03-31,254.442836198063,0.1067436480380429,0.4140786830886299,0.149657089160455,3024.3329355724727,45594.265005553454,0.0,265.01667202683507,0.0608456206600293
94,2008-04-30,259.7102020023028,0.1019073942458535,0.4491927618995314,1.181521175767582,3293.5176050597915,35238.68242230066,0.0,261.8130687864389,0.1815755618120163
95,2008-05-31,264.8272909377906,0.0837520488090503,0.285143371694876,0.5925001539605982,5541.849557410491,36108.60372150191,0.0,254.5831477964994,1.619031943862517
96,2008-06-30,271.62276617500567,0.0424793436541637,0.2226046064756602,1.859447164003432,8758.37668868166,20088.08542044888,0.0,252.04810936020655,1.9278638124573435
97,2008-07-31,273.54957213969294,0.0172446384567216,0.1601301578412711,1.8311345962464531,9759.438904843944,11093.9229203584,0.0,253.35496595161737,0.4484744036257286
98,2008-08-31,273.62777461703445,0.0146970434156075,0.1601129356133317,2.116226789580281,8710.492834256096,8901.75537484543,0.0,259.1543596509166,0.3515409289870742
99,2008-09-30,266.55593993289006,0.056236718823728,0.1991370843807229,0.7153167577962235,6772.812492831262,21977.90570746086,0.0,263.8381442860552,0.1795519599472761
100,2008-10-31,259.34337264082853,0.0575383601323783,0.1640119069433437,0.3346110585318706,5569.547483888043,26799.32472360228,0.0,269.5794244243027,0.1157048769742734
101,2008-11-30,253.42086705100468,0.0260302321367448,0.1365787896222188,0.4528397583740564,3174.068373182007,25829.221405156968,5.001703344961868,278.00170334496187,0.0769897754560822
102,2008-12-31,250.32883803782065,0.0226948249089841,0.2694014188491625,0.7500269496963302,1731.0225294938475,32398.120899406073,7.896704770854058,280.89670477085406,0.0593266610529783
103,2009-01-31,250.42959865907287,0.0072518543095108,0.4452451329852829,0.6163802525441309,1267.5593193403945,29951.013510591096,6.4307841069523874,279.4307841069524,0.0453562583874274
104,2009-02-28,251.65841314751304,0.0167987772566762,0.4687250315887281,0.6282896258956888,1393.9461999106852,30281.442082442616,0.0,272.0152453483481,0.0588179901123041
105,2009-03-31,254.3384127820184,0.0804136837104753,0.4727133257682825,0.5348300849727999,2362.5138683995915,33591.76867473063,0.0,265.93218133509106,0.0862946706657231
106,2009-04-30,259.7333579916115,0.0839022296264901,0.4805259205389119,1.2682725658112923,2790.174388673393,34791.93667363114,0.0,259.69996913147423,0.1546177688911858
107,2009-05-31,262.42539780301513,0.09024719856677,0.3320309028454806,0.5047876996739296,4390.398621035162,48267.17448680888,0.0,255.58772132073696,0.7492235409167971
108,2009-06-30,267.51756770399555,0.0543394268488164,0.2304746825814024,0.5685371022527309,6073.248299767117,26619.476729971484,0.0,254.9276406445533,2.470290093138217
109,2009-07-31,271.64504557401466,0.0346704104503364,0.2069923410970445,0.971003182438417,8055.889924134729,23287.40159565916,0.0,255.90409979333157,2.807922979403122
110,2009-08-31,271.5780762493027,0.036410623584461,0.1874692971865996,1.0565560377057466,9392.336221502565,18939.4805775704,0.0,259.3171076398827,0.7470607389569838
111,2009-09-30,266.6030450260972,0.0451570130555578,0.1600811882612158,0.6752892888674465,7461.122310099502,18899.38057598307,0.0,263.75420231339524,0.1939912231923357
112,2009-10-31,259.4662218264644,0.0475815013817622,0.1366175515757838,0.2045231490980852,6150.978445000224,19150.574114631887,0.0,267.2004452758702,0.1228072347592129
113,2009-11-30,251.1875799765171,0.0438928660892734,0.2382132309913121,0.2126144981596383,2489.306956709005,34975.22284324011,0.0,271.8898926323186,0.0678603212919282
114,2009-12-31,248.4306960014651,0.0148068633286385,0.3592573758172835,0.1157558120188481,1408.398224980968,35013.13497446384,4.287645837220111,277.2876458372201,0.0422048269632951
115,2010-01-31,249.11302930881453,0.0359972770287858,0.3164493678098347,0.2246085734138476,1863.9013217356603,37224.812688705155,6.6836302889569765,279.683630288957,0.0322592196059131
116,2010-02-28,252.75492807629664,0.0116715695494553,0.3681644488437599,1.2927775893417115,1386.0514615787863,20376.4470534705,0.27317740170190064,273.2731774017019,0.0641203708307568
117,2010-03-31,255.97109022716756,0.0893173153652855,0.4608709250415174,0.5657274264527274,2643.58943399164,45060.10317087391,0.0,266.4548571869254,0.1093525367150229
118,2010-04-30,261.25514497277055,0.0805746899239463,0.4609214464489145,1.1912940915686836,2967.776730244272,34254.06064044298,0.0,257.51343236102133,0.2378140702427497
119,2010-05-31,265.0921449662394,0.0817747076924671,0.4140373269557214,1.896165525770407,3947.433307406998,37029.69874254918,0.0,253.5247499622008,0.7608917796968477
120,2010-06-30,267.0191515830879,0.0804123923236196,0.3437735963796302,1.0106037694239485,5290.181238514402,28591.226080277767,0.0,254.5294248763736,1.7563584348092445
121,2010-07-31,272.9005337390457,0.0252889502088893,0.2342982236234256,4.527821537603466,6993.666270126868,24993.022280388697,0.0,256.60233276748966,3.5277914289936816
122,2010-08-31,276.0058310174373,0.0021966887833042,0.2538803915787971,3.3819576373631053,7523.770444849345,12424.51821634189,0.0,261.19386452237046,1.5927149972179468
123,2010-09-30,269.15774383046204,0.0397457247305943,0.1913551507256862,1.2047772593927144,6905.023700873348,12753.806007212095,0.0,265.06036563632244,0.3407922692874495
124,2010-10-31,257.9190774805444,0.0692104874369335,0.1678902153427665,0.2397554113233341,5874.762223743639,30557.54748792927,0.0,268.8423705352394,0.1665523596811578
125,2010-11-30,252.54551046030548,0.0615117745484811,0.1796639496010758,0.0400964549907394,4084.2364527240975,30086.729637414403,0.0,271.0045522376482,0.1149712174479964
126,2010-12-31,248.21939295109257,0.038716923523111,0.1404854676992593,0.1215342995939707,3479.301219583094,17388.91261536345,3.5861082447483454,276.58610824474835,0.0668216363319229
127,2011-01-31,246.10768627002773,0.0394896463725643,0.3554941398764137,0.18408357183642,1764.623578767906,36386.40745997303,6.867161666199024,279.867161666199,0.0347514655307259
128,2011-02-28,251.9778204440735,0.0107988801497722,0.3721504190988052,1.4527528964379253,1360.995588572817,20382.730034076296,0.9175173650548345,273.91751736505483,0.0445063438511012
129,2011-03-31,252.83300195557956,0.0806838288308711,0.44143353969272,0.7191972553803763,2381.479938591318,47454.21930433659,0.0,265.87340153999173,0.0719973411009615
130,2011-04-30,256.4678460466368,0.1199181535796271,0.4921995109412069,0.9129935710006684,3051.0842060920277,53292.26539030595,0.0,259.7618246686959,0.138790036383736
131,2011-05-31,263.68838410874974,0.107607049124171,0.3398647431902778,0.3653955820531112,5277.7202616112845,47910.15863814949,0.0,255.63932217615837,1.2473634717338211
132,2011-06-30,268.374943702416,0.0477294758453808,0.1796302777779755,0.9570526106541598,7981.615108021022,25568.78539928483,0.0,251.5946567809622,2.412643000654975
133,2011-07-31,273.5715621553931,0.0219413678213761,0.1991797968154409,1.7167513932329366,9089.759642307072,10348.73217475509,0.0,255.9787293076137,0.8042207280565206
134,2011-08-31,273.6092305124978,0.0166172444991668,0.1718349189376574,1.770558687779717,8745.707518697356,11648.65516179564,0.0,258.53424749804856,0.3683505866695259
135,2011-09-30,269.95994578666796,0.0310337531372747,0.1717611763497782,1.6236979165956122,7107.418028490203,14717.445695709412,0.0,262.1828126874058,0.2843054369173534
136,2011-10-31,259.97456485942024,0.0325914974249268,0.1208806263531896,0.5303922115300027,5602.820648292515,22473.538537569195,0.0,269.15542889498766,0.1398106838667981
137,2011-11-30,254.6476942150973,0.0125190941992424,0.1130786002646516,0.2822478311722483,2642.365666081732,25616.682605117137,1.3021660617458792,274.3021660617459,0.0852784115384315
138,2011-12-31,248.51063929632303,0.0086335914991783,0.1014169969253925,0.0983694484682309,2185.0824692474594,28335.98096999336,6.118244738152157,279.11824473815216,0.0578333604767555
139,2012-01-31,245.884958294725,0.015760405035971,0.218708841430571,0.2742917409381731,1608.9750260989686,26371.952656969843,6.91199856238336,279.91199856238336,0.0414265173780687
140,2012-02-29,250.3914672026495,0.0229784190554105,0.3828247035037255,0.3749534702909124,1539.0628317704045,18420.67880545181,2.155580147208525,275.1555801472085,0.0399906329498362
141,2012-03-31,254.17063072312683,0.051868155975188,0.3799161334765207,0.7003237975008875,2154.9570828282003,26422.13169597908,0.0,266.66128358356485,0.0903562997625996
142,2012-04-30,259.2038071124124,0.1115517039403145,0.4687603132006245,0.9930268607404196,3317.356370903926,28458.092853401064,0.0,260.1843000153693,0.1915606047181825
143,2012-05-31,263.18340984186506,0.0939834216618144,0.3359333332710573,0.518714393733783,4668.125034464386,31129.7742411499,0.0,254.09727535226713,0.801272847777212
144,2012-06-30,267.50136707940885,0.0604783573602111,0.2265070729858324,0.4278063711350025,6747.163844686474,23747.180504323795,0.0,250.55612049197225,2.086374456618454
145,2012-07-31,272.34345528894045,0.0365314330964155,0.2148009927935822,1.2766751074652618,9291.851453500272,17681.67146813108,0.0,254.6274023303735,1.7372651048484524
146,2012-08-31,274.7961577209716,0.0120193738271923,0.2109268573980702,1.8289331887918736,8550.436818151593,9653.004829646492,0.0,258.6040040787559,0.468936640282202
147,2012-09-30,270.12546158662,0.0241718323116752,0.160107521345242,2.628826401155532,6474.405080240779,12057.9435994707,0.0,263.14652924140665,0.3599244380028281
148,2012-10-31,257.89562725832565,0.0440939204777005,0.1366282101826221,0.1398068514521262,5390.174597881049,27928.75679889039,0.0,267.39525611910034,0.1588497243923306
149,2012-11-30,252.18581335208748,0.0223614226819582,0.1130780709953125,0.0934030553115599,3530.974551124715,31815.812608865726,0.0,272.04669008650137,0.1000741394211912
150,2012-12-31,248.3504475998277,0.0207307388065359,0.371059691849492,0.2841738242643493,1490.2536846182002,31389.038474448906,5.0731615611904886,278.0731615611905,0.0606431044614514
151,2013-01-31,244.65851371468457,0.0253614885183465,0.332134281727526,0.115770986979062,1565.6030160756056,39090.08779327089,7.061251837804605,280.0612518378046,0.0431789662216004
152,2013-02-28,250.56297830427636,0.0223100608049453,0.4375356333145314,1.1363748728580705,1478.362505181664,26262.070245504725,1.5156723120468882,274.5156723120469,0.0650394444140578
153,2013-03-31,253.90423220738583,0.0988024396837156,0.5117162795070206,0.6122735160900797,2482.616811490828,44684.04123545196,0.0,264.34009711001295,0.0879847076775119
154,2013-04-30,259.5715641461976,0.117801039698422,0.5038299909507085,0.8337039645201818,3304.39880223299,32453.087367149776,0.0,258.8207631942314,0.157247155551737
155,2013-05-31,263.103089291553,0.0871379871489479,0.3320453708842124,0.8792624502317772,4439.621733021648,38828.60921365224,0.0,253.9332645338745,0.6629014430915581
156,2013-06-30,268.18240828160447,0.0597226266615792,0.2421560811957422,1.9063324211922856,6628.61511190327,36008.470203541816,0.0,250.4477118146194,2.5348533303814693
157,2013-07-31,273.0912417086918,0.0215284019507931,0.1796637126766909,2.0006549178202175,8834.606590857848,17107.43090495986,0.0,255.30927534164607,1.6740972923165265
158,2013-08-31,275.5753872077418,0.0042320242590779,0.1835119060975198,3.420563116417102,8043.120219621227,8900.394835712394,0.0,259.3417672906072,0.6735776293989709
159,2013-09-30,267.76156667547747,0.0471051021115146,0.1678978909498746,1.1135910065412928,8086.698721428471,16679.457643523798,0.0,263.4211377351032,0.2083216018058146
160,2013-10-31,260.52593344490606,0.0614082946802996,0.1678964914641879,0.3440797070573034,6036.386174144613,20894.38480316019,0.0,267.6521114836739,0.1357154438454467
161,2013-11-30,250.4526990541905,0.0224533377641055,0.1326612883958035,0.133200974931875,2782.5595136316347,37787.99972696367,0.838231455368259,273.83823145536826,0.0850933638613489
162,2013-12-31,249.32914316269495,0.0101250980897275,0.1052744236341403,0.0824323537584885,2291.381494746672,21733.43778645753,6.113272742565357,279.11327274256536,0.0601894964068021
163,2014-01-31,247.2058518241286,0.0448143474004568,0.3945293948045507,0.0838911674044819,1788.5293813436294,32368.436137672827,6.965205584134765,279.96520558413476,0.0388989315245505
164,2014-02-28,249.6333026927398,0.0302569462842062,0.4180402453550762,0.3116071672916605,1595.676450704265,24713.285756277335,2.452406634762326,275.4524066347623,0.0313880115714677
165,2014-03-31,255.3438670876957,0.061858432435983,0.4765357727081222,1.3948596994239373,2122.5961339450855,28822.5561696204,0.0,268.75307340282666,0.0845777258311672
166,2014-04-30,258.1343944363436,0.0960488849088306,0.472722336909581,0.553471370894124,2892.9922525721604,39314.90724247249,0.0,256.79708613428295,0.1178738375937309
167,2014-05-31,264.21366092010715,0.0694608937570575,0.2733983636417679,1.0300284847500791,4800.566273529589,33884.02649845149,0.0,254.56356719659465,0.9898466195984906
168,2014-06-30,267.62750439078656,0.0572713723464817,0.2109129937655258,0.5407363429748242,7083.695827666577,34525.83246736814,0.0,252.5104915093392,2.2462363653718733
169,2014-07-31,273.0951337776321,0.0169344113706044,0.1523133862930598,1.6832485489489617,9001.459441762034,17688.79756613097,0.0,254.17879304654463,1.460724628639443
170,2014-08-31,271.59052962651754,0.0351099533277432,0.1913365963138938,1.2386778359632824,8885.129180533711,11754.791386318604,0.0,259.1275517637214,0.3413842883666101
171,2014-09-30,268.3435636388606,0.0390705774187747,0.1757114696286691,3.097928121264686,6912.330886063248,22917.953618483676,0.0,262.4172106266256,0.3571605573706768
172,2014-10-31,260.38782502441484,0.0327525178625046,0.128808985737959,0.6077949908128921,5211.565737301594,21272.479731157702,0.0,268.20717411784705,0.1664582472076822
173,2014-11-30,251.27684198600147,0.023318660156829,0.1561173338972026,0.1867051094618939,2476.290185025487,34365.96524566661,0.08143192416252987,273.08143192416253,0.0954306425627538
174,2014-12-31,247.49579440472905,0.0235984808003188,0.1992656249136621,0.0276271452147984,1961.4436877514568,28171.54774875952,5.953771181045681,278.9537711810457,0.066401516588062
175,2015-01-31,247.21963116360837,0.0314821151274355,0.3242044032930119,0.1247521723632326,1720.55782184858,30135.473227130355,5.5096994676411555,278.50969946764116,0.0489953527431325
176,2015-02-28,251.80716329093255,0.021992441966879,0.4091576010610672,1.100290072948493,1515.4644036267348,25484.72520249835,0.7631587153167061,273.7631587153167,0.0566040103229741
177,2015-03-31,254.90410048486768,0.0730845791001759,0.4843555534983417,1.322937510975713,2251.9855753778056,32140.16132766356,0.0,266.1253611427372,0.0895160691137969
178,2015-04-30,257.91813343644395,0.1219976745863336,0.5313020451832572,1.5481642749659594,3063.684255296916,55274.40657658417,0.0,257.437746267835,0.2039634105709602
179,2015-05-31,263.3427847203512,0.1450466379726544,0.4844173888503733,1.1910172992657615,4721.819034061028,39451.563714611875,0.0,253.8283129227493,0.9240564791679392
180,2015-06-30,267.7839477783101,0.0760542285511204,0.3046624541376151,1.303842486905292,6099.335099198278,27367.43857848033,0.0,253.0252705819925,2.034189955119783
181,2015-07-31,275.3612899096632,0.0059142998357512,0.1952321647091097,3.860664331860015,7816.261441014102,20933.74520904158,0.0,256.4893104422548,2.566650278614011
182,2015-08-31,273.7837792112669,0.0249027155681652,0.2381897799005273,1.983926060450235,8792.130045606926,9768.756582064998,0.0,259.3172634575666,0.6333628046478715
183,2015-09-30,266.626652695832,0.059604663758032,0.2069662563371483,1.204276328553205,6832.618430438955,17813.73801971953,0.0,262.9530129421904,0.2286869293076366
184,2015-10-31,258.91624999104084,0.0611588382880976,0.1991650407605174,1.1016586837178592,4576.153610111404,42865.098457610395,0.0,267.91814967085753,0.1627723725356549
185,2015-11-30,253.8017312337908,0.0138376863187396,0.1874359094095086,0.6880175903604048,1819.7700847555316,33722.18522189132,0.0,272.0922698633746,0.106899070802761
186,2015-12-31,247.44205725913497,0.0279493269238099,0.3828403878802057,0.1793193194557025,1572.9365505738144,42723.38436025918,6.490838812704396,279.4908388127044,0.0736313979998294
187,2016-01-31,246.7557207786884,0.0460441888783279,0.4218426969725586,0.2491397278657167,1748.506578973031,40735.16401790216,6.108349015766976,279.108349015767,0.06091925535051
188,2016-02-29,247.67628051895315,0.0632075024644713,0.414141315932911,0.297350626615082,2007.685856795624,41517.67656895226,0.0,272.5455887901325,0.054182316927235
189,2016-03-31,255.81013286791136,0.0907832611378805,0.4922258531422278,1.382523368503616,2548.082312741782,33114.526490220895,0.0,264.74067860613593,0.1447470132382716
190,2016-04-30,260.62335221819126,0.1002940047912374,0.5156103121417251,1.7142460513590487,3059.330316429049,35098.50402070048,0.0,258.8168245331361,0.2620465533759482
191,2016-05-31,264.53054717678464,0.0864086265427458,0.3008497179457963,0.9120456307794328,5279.164209294033,42283.39535270098,0.0,253.07479886293905,1.26239042302204
192,2016-06-30,271.1151801969856,0.0386981489541421,0.2187217831421489,1.1359915418505928,7551.58267534005,24611.922278035836,0.0,253.12314631651964,3.2715109685821107
193,2016-07-31,274.1774364807747,0.0166171567386352,0.1953214818070386,2.098754008713766,9147.137417009062,12285.800862375128,0.0,254.3199075414348,1.03833361124809
194,2016-08-31,274.2890005817039,0.0149342562832752,0.1991536417246779,1.5965918880304415,8538.914211052865,5300.63208943765,0.0,260.3247376238674,0.4568154394367242
195,2016-09-30,268.05972964818494,0.0468431408019345,0.1718170569984229,0.6270331651628688,8048.167900729366,16679.64428934477,0.0,264.3434853439377,0.2219535357117369
196,2016-10-31,260.6650883134988,0.0474736073758856,0.1405503434046039,0.2102816819627204,6259.700686427265,16552.693583202774,0.0,269.53187372225347,0.1492272097796819
197,2016-11-30,255.62836745624045,0.0208469892187727,0.1131628368600454,0.0663863007222963,3734.5069130501456,13946.44247422987,2.8807618683025566,275.88076186830256,0.0879149304631667
198,2016-12-31,249.81410674484312,0.0093328490746137,0.1169794463936076,0.0832720207215928,2005.038076044209,30105.478342625895,6.809973311678391,279.8099733116784,0.0593512550508553
199,2017-01-31,249.7706717076437,0.011036805705406,0.3476306946204417,0.6280214950381833,1364.2046716718028,17013.660887229988,6.414503319675134,279.41450331967513,0.0502744609699321
200,2017-02-28,251.24496815543708,0.0213427100591941,0.4218937292379961,0.7147223710196596,1486.155317649873,40943.795426435885,2.6073104289397406,275.60731042893974,0.0501734184664802
201,2017-03-31,254.97734022726104,0.0781138983602042,0.4765058589572092,0.5115735949699939,2352.3339374809475,29264.063832578187,0.0,267.9582347919163,0.0643042694667978
202,2017-04-30,259.4493377734394,0.1036587563276023,0.511652141339962,1.874449744751991,3002.1438543647087,49735.62095180927,0.0,261.7929428387677,0.221951571287286
203,2017-05-31,265.5159052233236,0.1136898200707134,0.3984695773765365,0.4637022177808417,5368.841329684235,44455.1995879879,0.0,256.12252833010047,1.9957972820457013
204,2017-06-30,270.0072894116185,0.0744962873810164,0.3321046077078239,1.45900549894567,7058.035238268371,27575.868072807676,0.0,253.8807875759282,2.5506573489763444
205,2017-07-31,275.7205703390212,0.0041077434904247,0.1992072378222543,1.5886539389690937,8724.907734490098,11625.992372152135,0.0,256.15559084162084,1.3515245142255132
206,2017-08-31,273.59580823306794,0.0198518388212594,0.1913412405054331,1.3411217454501896,8833.770092233553,8894.402070646891,0.0,258.85122506629244,0.4583616177853094
207,2017-09-30,268.9260517757655,0.0389567191341701,0.1718025818995039,0.5858249456031362,7568.050547410376,12809.489084927802,0.0,264.16656807540227,0.2352683840720086
208,2017-10-31,260.75513468210477,0.0491751887412029,0.1444597584383677,0.1320047066177631,6226.350017088622,18887.937567112574,0.0,269.57223798181406,0.1540839366861737
209,2017-11-30,254.12776825228303,0.0492833189115737,0.1600872923493101,0.1337119745821273,4162.936626672243,21237.74544470052,2.1608543575741237,275.1608543575741,0.0946695950510187
210,2017-12-31,250.1662041072303,0.0224370760261305,0.2733572106309026,0.1731489464911517,1710.9481884000309,25583.559399002505,7.2423600014247995,280.2423600014248,0.0610074102622321
211,2018-01-31,246.81107067692415,0.042927216101298,0.3164158562926933,0.041992021321633,1932.893753283838,40561.980785030704,6.4824854149972,279.4824854149972,0.0407574826147855
212,2018-02-28,251.11893899236247,0.0349893360034948,0.3476724270407416,0.243187395250599,1819.160991350508,25589.366275196055,1.6393578565559892,274.639357856556,0.0308310044596503
213,2018-03-31,253.9009672230778,0.098521251369755,0.4258350805786175,0.5533199205230797,2786.2441870597895,44661.19983433922,0.0,267.7528043195929,0.0649134295294175
214,2018-04-30,258.88436879428593,0.0970396599978758,0.3359141658565917,1.4499517252284078,3887.611000589972,47069.252922671054,0.0,261.23127567013495,0.2183028672756515
215,2018-05-31,263.06857473011786,0.0681190247860709,0.2420888504512843,1.3069217946487048,4981.056899412634,29397.949927797046,0.0,255.64350441662555,0.4780087983031532
216,2018-06-30,268.5458575540835,0.0506085275879381,0.2031084762134234,1.2257314071469647,7338.751000503459,23093.262392351506,0.0,252.9258701621392,2.200167462848856
217,2018-07-31,274.67250844682206,0.0083176572693174,0.156140273331616,2.5552980689270415,8566.879309094247,12584.435070981046,0.0,255.60095719336732,1.2320716364172717
218,2018-08-31,274.1529024124816,0.011747452763264,0.1561904590899334,1.6060820966867198,9018.437410794306,10223.936659464203,0.0,259.3343072354762,0.3714695324799861
219,2018-09-30,267.7653193444941,0.0868403372237916,0.2968746979521773,1.3562807469934135,6970.996642999472,16697.70479157952,0.0,264.58685396193164,0.2041944934419113
220,2018-10-31,257.8288354220345,0.1064916671642011,0.3321423929815361,0.4017378679512747,4020.4081437393384,34474.47922255777,0.0,267.8479273267218,0.1284860159654589
221,2018-11-30,252.54085043573295,0.0365514779083068,0.4375035096437218,0.5752137135846583,1717.5829351855505,38771.282997157825,1.5146615081233108,274.5146615081233,0.0715056372736238
222,2018-12-31,245.91692554650967,0.0371704653303982,0.2693848780201335,0.0867264744504347,1955.3502075223323,46178.08237748514,6.353438662541748,279.35343866254175,0.0520741917493423
223,2019-01-31,247.84420026981783,0.0091642464846272,0.2928621648962975,0.5130373417070364,1355.7115692908103,26477.043243931384,7.781182672960824,280.7811826729608,0.046019290079633
224,2019-02-28,251.55538225672169,0.017239635719739,0.4883498751031595,0.4477019074377805,1388.364906270403,24344.07923763848,1.1392189200829534,274.13921892008295,0.0485634046609844
225,2019-03-31,253.90957376622305,0.0922165234890414,0.5038528055908844,0.5643303614169272,2417.1288473896107,40189.3419125896,0.0,262.3871697045691,0.0770957104916221
226,2019-04-30,261.88070921303245,0.1090577268049291,0.5038787760103351,0.7713746801167634,3463.393373797746,44066.99839462366,0.0,257.50865182786464,0.362792989881177
227,2019-05-31,262.67477560396094,0.1488600447552843,0.4531083947014298,0.8760175732525975,4912.039659978948,38975.62888263504,0.0,252.2268742121588,0.7797578856058935
228,2019-06-30,266.9211214324492,0.1052985796602519,0.3828240266656947,1.0974211700419765,5862.160679979092,26970.667597531192,0.0,252.5174374351845,1.2737471035063228
229,2019-07-31,272.64864641547655,0.0322817901881508,0.2304076324007964,1.962725350061657,8241.561935937962,25764.123258706277,0.0,255.48024591493643,2.8531972381952584
230,2019-08-31,274.3978269511878,0.0178709519161276,0.2382176674877441,1.593987542152891,8456.872141007052,10819.563895714957,0.0,258.01493999501173,0.7409189682845014
231,2019-09-30,267.87577102202044,0.046055642678517,0.1639742098751713,0.6782923614830318,8284.402656114622,14612.094009303924,0.0,266.0016753063417,0.1773562103642402
232,2019-10-31,260.31230411965464,0.0489813476306236,0.1600930612838673,0.4230189228581877,5299.07324518362,21256.21232367977,0.0,267.44123524195146,0.1295612850014751
233,2019-11-30,255.429491255478,0.0314015979167363,0.4023044812507356,1.0526731456534708,1760.8741915330618,25949.834707092956,0.0,271.0602766151387,0.075868062612616
234,2019-12-31,244.4122828537508,0.0390972620623168,0.4766112836394258,0.0697755147674155,1565.117040029206,51121.62220310126,4.846179299127925,277.8461792991279,0.0490034445984707
235,2020-01-31,247.84528511222632,0.0115519171993998,0.4999394391843264,0.483944688211633,1293.7526139852678,31212.682959359667,6.431694056628601,279.4316940566286,0.0439114313681588
236,2020-02-29,248.2263923365148,0.0756020316257026,0.4843583180810157,0.213523599050154,2022.448865376535,56406.42615246252,3.9590559283830657,276.95905592838307,0.0431944569521415
237,2020-03-31,255.35045817151604,0.1026346305639543,0.4999574094457778,1.2508026871215467,2666.932979485815,35028.46901521319,0.0,266.0712154803279,0.0887348375089882
238,2020-04-30,259.33394871907575,0.1333560781524442,0.5430053086430189,1.2045518569937892,3358.9367857864972,44248.44092377261,0.0,259.32676757479373,0.2219675899186255
239,2020-05-31,264.8753098987739,0.1356512882762832,0.453141330845963,1.258619924211271,5239.651391624553,34293.25422023796,0.0,251.54848786276793,1.2560116895327162
240,2020-06-30,269.4973855015183,0.0436623099492184,0.1991029876375292,0.7259745205678533,7417.830968657922,26969.162177003534,0.0,252.20109481624633,2.500213377523418
241,2020-07-31,272.7671908595452,0.0314107853504707,0.214787291561477,1.171533810855478,9004.902903787612,15143.73322346403,0.0,254.39883365620173,0.9860391605696018
242,2020-08-31,274.26718662968767,0.0113405951699106,0.1640334109846913,3.6919412345906255,8578.225486120107,10631.482715801776,0.0,259.6989310281455,0.4826216482929989
243,2020-09-30,268.1652515650993,0.0367129118388002,0.1561895513085578,0.929036398152045,7521.422222995878,13812.28815284301,0.0,263.6722930859058,0.3041373663203083
244,2020-10-31,259.2902956779242,0.0549613955801983,0.1444596979687646,0.1749101440160387,6333.062990670331,19326.600119231185,0.0,269.23694661954323,0.1480503238996259
245,2020-11-30,252.25736895636783,0.0969822171567415,0.3554387497948824,0.5544777862056515,3005.53843208378,23546.11296156464,1.4115956552861917,274.4115956552862,0.0931320516194418
246,2020-12-31,248.04293242140625,0.0104291134158588,0.32419442506657,0.177019546143216,1357.5624354561337,35518.78830609941,5.737044984173451,278.73704498417345,0.0638550693673272
247,2021-01-31,244.182791665806,0.0506836508628949,0.4062700569633826,0.1772841026238768,1782.0751668750704,50536.90177940208,8.06322384457485,281.06322384457485,0.0493786836107351
248,2021-02-28,251.80707889897448,0.0607016645933362,0.3828072958964729,0.1850933029684317,2201.893486443971,36720.2623106996,2.127174915333285,275.1271749153333,0.047626585139404
249,2021-03-31,256.2236319264231,0.067480383852761,0.4491891394190158,0.9182226443704548,2331.1769949446552,23920.37900395657,0.0,267.86478227642135,0.0898602910461729
250,2021-04-30,256.0379340139141,0.121694928759208,0.5117145794164288,0.6683058256773318,2957.554366816976,45819.79251522433,0.0,259.112888894544,0.1156542890833421
251,2021-05-31,264.2931699251114,0.1183410757709381,0.390638015656496,0.781486660275309,5186.508875710103,37274.20373933068,0.0,252.82835913583048,1.3490284939409891
252,2021-06-30,269.09840145068927,0.0672385133948867,0.2694420754620714,0.6767145878023317,7198.556277534126,28850.609194249315,0.0,251.6896848146324,2.3277751697156357
253,2021-07-31,275.1109026217872,0.0154871068220271,0.3124741101983138,2.3446527947515037,8425.857525335858,15501.967616777823,0.0,257.0575450854415,1.4418651776342175
254,2021-08-31,273.29283004400423,0.0214262654062598,0.1874463350556984,0.9569622712453228,8820.165330606402,9047.690255321177,0.0,260.16130329170113,0.4222031354961113
255,2021-09-30,269.57969437558546,0.0370870388688514,0.1718396858342914,1.485122720356962,7856.073720587918,16877.514870605082,0.0,261.4512937626184,0.2035760504993989
256,2021-10-31,260.02248816424367,0.026395337850904,0.1209281697226713,0.979975267412047,4767.807836632481,31784.931938333237,0.0,268.6471198368346,0.143840798511572
257,2021-11-30,249.95420479603237,0.0642608074962869,0.3477145547218683,0.0296433973617912,2309.427712840661,48010.443476045344,1.3674924140630083,274.367492414063,0.0752312080229343
258,2021-12-31,246.74491778499245,0.0620027949462578,0.3828474745083758,0.095632764111174,2043.0020196803591,35308.07633433587,6.877524556329831,279.87752455632983,0.0577591882559731
259,2022-01-31,249.26417802777823,0.0180857133010613,0.4257121273264096,0.6122215655602219,1415.5942819537884,30529.07345484956,5.923410464296751,278.92341046429675,0.0525293819765746
260,2022-02-28,249.53392923032465,0.0453300729791204,0.4296404955511288,0.162739286273144,1785.5094808112776,36973.919463451595,3.952188680856466,276.95218868085647,0.0440261245209877
261,2022-03-31,256.71175406314507,0.0911263228405168,0.4336121514914796,0.3475415845385946,2844.4254107126435,45281.36473040607,0.0,265.99794501754735,0.1034517564485816
262,2022-04-30,260.7042791512169,0.1397547842825916,0.41017119715614,0.3437182731134508,4614.199994673333,47013.76978704685,0.0,255.88442679466175,0.5295578146975286
263,2022-05-31,266.5274620329077,0.075000264786582,0.2344050791523516,0.9253612391333708,7110.840866750658,24798.524511238666,0.0,252.83193930499104,1.2864804484910266
264,2022-06-30,269.89786915140957,0.0570369582509589,0.2343310526059306,1.7310108943041005,8089.9533083374,19075.8122220734,0.0,253.4271362504064,1.016313664377417
265,2022-07-31,276.18240753435623,0.0002822574394041,0.1405168268441692,3.711574305541733,8684.218252782062,12062.115257751251,0.0,254.2447011829973,0.7700012002337203
266,2022-08-31,276.0710987133493,0.0008724260253651,0.16010067462501,2.9864206715595656,7900.887172720912,6356.644570691417,0.0,261.52782770617495,0.7017956852255702
267,2022-09-30,269.52663145319417,0.0371597502240738,0.179671124732699,1.1563917566777515,7380.097778567408,16345.343494799155,0.0,266.17245861569626,0.2629484258963818
268,2022-10-31,258.69399380382845,0.0754125248052912,0.2070136145441967,0.4532902198388764,5094.953368094719,27253.633953701483,0.0,271.790350100994,0.1794622493999873
269,2022-11-30,251.24715326311983,0.0517092010170817,0.3594350993332218,0.5473619884839278,2096.463810177861,43200.95275909269,2.2605986865876275,275.2605986865876,0.1002245189344416
270,2022-12-31,248.2939282389351,0.0223049463549043,0.2070121987611513,0.0515666198685444,1898.7676532064545,33115.42790288577,8.742526678294155,281.74252667829415,0.0689092272375789
271,2023-01-31,247.56287318018323,0.0120621537843231,0.2652901246372228,0.3517428630895,1444.7112453696402,26589.760121670875,7.362948130336235,280.36294813033624,0.0564323515338721
272,2023-02-28,252.05855011445803,0.0241305949568446,0.4726647697299727,0.2404176386910265,1493.9882836473191,30346.205886277225,2.5096440362924,275.5096440362924,0.0550028447254945
273,2023-03-31,255.29292837421497,0.1128638626732019,0.4844676891836604,0.2940765026494219,2871.5917128751007,42864.252875684426,0.0,264.4822026952056,0.0878785458264873
274,2023-04-30,258.2262540801849,0.1110938829480053,0.4453063258666148,1.158928460733236,3315.7439769206644,46745.46058614886,0.0,257.03063538494376,0.1611683084802835
275,2023-05-31,262.06871953712107,0.1058520801639279,0.4023768354518257,1.4805823230920314,4094.8914304688456,33371.09159493405,0.0,253.76785576818472,0.4695749256263758
276,2023-06-30,268.4962897512813,0.0718304809747287,0.3047339106381154,0.9257061881742972,6252.079817648756,35120.316937666736,0.0,252.66795483972336,2.6521500222311656
277,2023-07-31,274.7315336801811,0.0130177264092751,0.2421848057833945,3.8265437029045146,7506.842991940346,13757.60131342428,0.0,256.64339675025576,2.0335921642491375
278,2023-08-31,273.93447945938226,0.0156595663597318,0.1757204672974879,0.8193643485824565,9039.75932169152,13038.411253352806,0.0,259.8192468669319,0.4703592181055746
279,2023-09-30,268.3604786930635,0.0373716295282996,0.1561884445240346,1.0709530457742351,7795.5529428936,14035.759781876011,0.0,263.17697649114666,0.2037721957730677
280,2023-10-31,258.6477674006775,0.0480555194467028,0.1600564671614748,0.7091891430155306,4839.160992705142,32968.57057184322,0.0,266.5948349665431,0.1514391930129958
281,2023-11-30,252.7164341140347,0.0305921929979202,0.1326950572440747,0.3876386551440544,3577.452302843721,31274.89233722473,0.10870659432174534,273.10870659432175,0.0941113765662926
282,2023-12-31,248.8305734518927,0.0104023774489798,0.0883350369458128,0.0247346549700888,2985.5684770085527,31082.69550236418,5.733605871468569,278.73360587146857,0.0701596902063744
283,2024-01-31,249.5440270584166,0.0109250851081585,0.0859296284857139,0.1727877148497424,3311.773167946842,21114.130001794736,7.263149341401288,280.2631493414013,0.0596133176603366
284,2024-02-29,247.60752664631593,0.0506157318763845,0.4257342582369632,0.4872991974599422,1817.913336446302,33409.59063547994,3.3177130651471316,276.31771306514713,0.0376957801625543
285,2024-03-31,254.78405768658467,0.0770443165923531,0.4765977597932264,1.1958579459851286,2325.38179895151,34710.393906848316,0.0,264.84977668475295,0.0782008069438675
286,2024-04-30,259.3720640773307,0.1242691128576178,0.5468764259142216,1.6421351201882863,3198.1060576543805,39953.250394740935,0.0,259.8402275342925,0.2318182515335933
287,2024-05-31,263.82208572490316,0.0982431872245064,0.3008337915702318,0.3616199447923256,5575.834142029826,51088.43202903794,0.0,255.75330343499323,1.3214808529065272
288,2024-06-30,269.7281090197744,0.0541176013264484,0.2304512162429054,0.5466645146668332,7710.567540459669,21712.173395239315,0.0,255.6039656705921,2.0825665953742947
289,2024-07-31,274.4880222755175,0.0131474760554033,0.1796197910673463,1.310743685185657,9574.73645622617,13903.144812580542,0.0,253.53614174714585,0.7046831993622222
290,2024-08-31,275.7535257614543,0.0034497305426855,0.1913784235154572,1.883676663267015,8344.421495185175,9028.70692811027,0.0,259.3045069000408,0.4829311502863418
291,2024-09-30,269.726451599562,0.0318537111954621,0.1601115425998143,0.8548126619295296,7732.084665514893,13007.263150748133,0.0,263.4430680954334,0.236098116174807
292,2024-10-31,261.7987162511484,0.0374120403012186,0.1287935497978318,0.5225496933031704,6238.605709841895,20729.155314549815,0.0,269.2439028964663,0.1415206895332023
293,2024-11-30,254.16915951147337,0.010590475044354,0.0898094556263567,0.2235793998766033,3350.618297832668,31244.886536395457,1.6535277210803088,274.6535277210803,0.0902779356221892
294,2024-12-31,246.74510062767553,1.23396e-11,0.0603338983050847,0.0373838570272922,2321.7638271314354,32519.83285602813,8.230762005107067,281.23076200510707,0.06128852906036
295,2025-01-31,247.3672083374264,0.0040729803312549,0.104824,0.1585315119721356,1594.5592362165703,33978.61633721877,8.53276829295936,281.53276829295936,0.0446361752243036
296,2025-02-28,250.9300016740727,0.0354003041730301,0.3789367988538198,0.6039883087783157,1757.8928996007337,32174.111135530064,4.0363511151414855,277.0363511151415,0.0463324824390521
297,2025-03-31,253.08145554875196,0.0865419803233187,0.4804367760945125,0.7869233531536196,2361.4380625632143,42003.27053297101,0.0,269.45407088246697,0.0609757496689511
298,2025-04-30,259.4068279519622,0.1006955538720703,0.3827389976425774,1.3046558427369053,3655.2008924386023,60577.01974881834,0.0,261.32614795313424,0.2783125065603393
299,2025-05-31,265.8066114072005,0.1024007886517366,0.3164055766474479,0.9381460047869956,6303.037310584476,38903.43265971276,0.0,253.5306866693471,2.0147089129523144
300,2025-06-30,271.15547144243396,0.0317998993735446,0.1835645083652506,0.8698639293271492,7963.486327954124,25382.326902663503,0.0,253.48633063908193,1.55400042453446
301,2025-07-31,276.2451785962067,2.96046e-11,0.2265196760802955,2.587007115718318,8614.751440128512,9439.384405736271,0.0,255.26401239013512,0.8214199057503804
302,2025-08-31,274.60513669097674,0.0114135483378964,0.1913587050573367,3.429811319376662,8286.906125936148,11256.24746781228,0.0,258.5285943299547,0.5079257752890531
303,2025-09-30,269.7248783354981,0.0385946507566572,0.1835180664549907,0.9348442377993258,7608.462356347224,16691.511775832176,0.0,264.5817602470922,0.2685065597858914
304,2025-10-31,258.7037664532147,0.0580047894565721,0.1834808780338392,0.7509577427347006,4767.830710959029,34178.031965914975,0.0,271.0444019037156,0.1591460503635335
305,2025-11-30,250.5931955853171,0.035840630445746,0.1167704317284584,0.2055262088383082,4487.089468680163,26484.525265705524,4.179476182872293,277.1794761828723,0.0973316349012119
