,date,runoff_corrected
0,2000-06-30,0.9592889969733945
1,2000-07-31,0.5158859850991528
2,2000-08-31,0.3550149527751181
3,2000-09-30,0.1863567940091676
4,2000-10-31,0.13815495928289864
5,2000-11-30,0.08243927297235826
6,2000-12-31,0.05450921562274991
7,2001-01-31,0.041159683088990526
8,2001-02-28,0.0339566483510175
9,2001-03-31,0.04201021427834929
10,2001-04-30,0.1529119586641964
11,2001-05-31,1.1804360196881214
12,2001-06-30,1.2039853132599148
13,2001-07-31,0.4818772585931904
14,2001-08-31,0.3112480633382449
15,2001-09-30,0.16323071991972346
16,2001-10-31,0.11452901290443096
17,2001-11-30,0.0682648454313822
18,2001-12-31,0.048553848347863464
19,2002-01-31,0.03930283862960031
20,2002-02-28,0.036082798761695796
21,2002-03-31,0.060348826015908026
22,2002-04-30,0.1316876282401238
23,2002-05-31,0.7608383327830366
24,2002-06-30,2.2437164683106414
25,2002-07-31,1.349488074109591
26,2002-08-31,0.6505837454981984
27,2002-09-30,0.20798607945676265
28,2002-10-31,0.11432990376283453
29,2002-11-30,0.08178497883658796
30,2002-12-31,0.05068793967039923
31,2003-01-31,0.03778463033795347
32,2003-02-28,0.0569297252935085
33,2003-03-31,0.10044651496346373
34,2003-04-30,0.16344830448972464
35,2003-05-31,0.4342353750240791
36,2003-06-30,2.998609494474383
37,2003-07-31,2.449247135768856
38,2003-08-31,0.5288105222741722
39,2003-09-30,0.24505309042833212
40,2003-10-31,0.12359051748003465
41,2003-11-30,0.07893143095794135
42,2003-12-31,0.05665507195120634
43,2004-01-31,0.05360728243788298
44,2004-02-29,0.05626682097834299
45,2004-03-31,0.10656235764506523
46,2004-04-30,0.19853296883976876
47,2004-05-31,0.7138879812799704
48,2004-06-30,2.4167877013388335
49,2004-07-31,1.3457775427633212
50,2004-08-31,0.41201582589322217
51,2004-09-30,0.18543818344923196
52,2004-10-31,0.12049483767695994
53,2004-11-30,0.06991287842474667
54,2004-12-31,0.05695550054131451
55,2005-01-31,0.04020413214729121
56,2005-02-28,0.08611467061868847
57,2005-03-31,0.15622722198460046
58,2005-04-30,0.18409956413259787
59,2005-05-31,0.5480702813037611
60,2005-06-30,2.7895543354285466
61,2005-07-31,3.077166772423772
62,2005-08-31,0.5646762938901281
63,2005-09-30,0.20480850816619467
64,2005-10-31,0.11646498179035053
65,2005-11-30,0.0694874951460592
66,2005-12-31,0.04739223241803391
67,2006-01-31,0.036826360034026805
68,2006-02-28,0.04398858927555696
69,2006-03-31,0.05013102973546215
70,2006-04-30,0.11786782428656405
71,2006-05-31,2.4394697602700317
72,2006-06-30,1.8869467435259817
73,2006-07-31,0.8903800027407278
74,2006-08-31,0.7228302909822585
75,2006-09-30,0.27266418746099313
76,2006-10-31,0.14402783090623933
77,2006-11-30,0.09173191366714337
78,2006-12-31,0.06925269330033132
79,2007-01-31,0.04625378165108792
80,2007-02-28,0.05525515527777033
81,2007-03-31,0.1504611915629243
82,2007-04-30,0.5111511721567964
83,2007-05-31,1.8237957003475542
84,2007-06-30,1.7081579124463795
85,2007-07-31,0.6335518213426152
86,2007-08-31,0.45490418025486923
87,2007-09-30,0.22276336629709964
88,2007-10-31,0.12030085370063463
89,2007-11-30,0.07958478522232255
90,2007-12-31,0.05148723547882754
91,2008-01-31,0.043380547114197386
92,2008-02-29,0.03337880580856655
93,2008-03-31,0.05780333962702783
94,2008-04-30,0.1724967837214155
95,2008-05-31,1.538080346669391
96,2008-06-30,1.8314706218344763
97,2008-07-31,0.42605068344444214
98,2008-08-31,0.33396388253772047
99,2008-09-30,0.1705743619499123
100,2008-10-31,0.10991963312555972
101,2008-11-30,0.07314028668327809
102,2008-12-31,0.056360328000329384
103,2009-01-31,0.04308844546805603
104,2009-02-28,0.05587709060668889
105,2009-03-31,0.08197993713243695
106,2009-04-30,0.1468868804466265
107,2009-05-31,0.7117623638709573
108,2009-06-30,2.346775588481306
109,2009-07-31,2.667526830432966
110,2009-08-31,0.7097077020091346
111,2009-09-30,0.1842916620327189
112,2009-10-31,0.11666687302125225
113,2009-11-30,0.0644673052273318
114,2009-12-31,0.04009458561513034
115,2010-01-31,0.030646258625617446
116,2010-02-28,0.060914352289218966
117,2010-03-31,0.10388490987927175
118,2010-04-30,0.2259233667306122
119,2010-05-31,0.7228471907120053
120,2010-06-30,1.6685405130687823
121,2010-07-31,3.351401857543997
122,2010-08-31,1.5130792473570494
123,2010-09-30,0.323752655823077
124,2010-10-31,0.1582247416970999
125,2010-11-30,0.10922265657559659
126,2010-12-31,0.06348055451532675
127,2011-01-31,0.0330138922541896
128,2011-02-28,0.04228102665854614
129,2011-03-31,0.06839747404591341
130,2011-04-30,0.13185053456454918
131,2011-05-31,1.1849952981471301
132,2011-06-30,2.292010850622226
133,2011-07-31,0.7640096916536945
134,2011-08-31,0.3499330573360496
135,2011-09-30,0.2700901650714857
136,2011-10-31,0.13282014967345818
137,2011-11-30,0.08101449096150992
138,2011-12-31,0.054941692452917724
139,2012-01-31,0.03935519150916526
140,2012-02-29,0.03799110130234439
141,2012-03-31,0.0858384847744696
142,2012-04-30,0.18198257448227337
143,2012-05-31,0.7612092053883514
144,2012-06-30,1.982055733787531
145,2012-07-31,1.6504018496060298
146,2012-08-31,0.44548980826809187
147,2012-09-30,0.34192821610268664
148,2012-10-31,0.15090723817271406
149,2012-11-30,0.09507043245013164
150,2012-12-31,0.057610949238378825
151,2013-01-31,0.04102001791052037
152,2013-02-28,0.06178747219335491
153,2013-03-31,0.0835854722936363
154,2013-04-30,0.14938479777415012
155,2013-05-31,0.6297563709369801
156,2013-06-30,2.408110663862396
157,2013-07-31,1.5903924277007
158,2013-08-31,0.6398987479290223
159,2013-09-30,0.19790552171552386
160,2013-10-31,0.12892967165317437
161,2013-11-30,0.08083869566828145
162,2013-12-31,0.057180021586461995
163,2014-01-31,0.03695398494832297
164,2014-02-28,0.029818610992894314
165,2014-03-31,0.08034883953960884
166,2014-04-30,0.11198014571404435
167,2014-05-31,0.9403542886185661
168,2014-06-30,2.1339245471032795
169,2014-07-31,1.387688397207471
170,2014-08-31,0.3243150739482796
171,2014-09-30,0.33930252950214296
172,2014-10-31,0.15813533484729808
173,2014-11-30,0.09065911043461611
174,2014-12-31,0.06308144075865889
175,2015-01-31,0.046545585105975874
176,2015-02-28,0.0537738098068254
177,2015-03-31,0.08504026565810706
178,2015-04-30,0.1937652400424122
179,2015-05-31,0.8778536552095422
180,2015-06-30,1.9324804573637937
181,2015-07-31,2.4383177646833105
182,2015-08-31,0.6016946644154779
183,2015-09-30,0.21725258284225477
184,2015-10-31,0.15463375390887216
185,2015-11-30,0.10155411726262294
186,2015-12-31,0.06994982809983792
187,2016-01-31,0.0578732925829845
188,2016-02-29,0.05147320108087325
189,2016-03-31,0.13750966257635802
190,2016-04-30,0.24894422570715075
191,2016-05-31,1.199270901870938
192,2016-06-30,3.107935420153005
193,2016-07-31,0.9864169306856856
194,2016-08-31,0.433974667464888
195,2016-09-30,0.21085585892615005
196,2016-10-31,0.1417658492906978
197,2016-11-30,0.08351918394000836
198,2016-12-31,0.056383692298312534
199,2017-01-31,0.047760737921435495
200,2017-02-28,0.04766474754315619
201,2017-03-31,0.06108905599345791
202,2017-04-30,0.21085399272292168
203,2017-05-31,1.896007417943416
204,2017-06-30,2.4231244815275272
205,2017-07-31,1.2839482885142375
206,2017-08-31,0.4354435368960439
207,2017-09-30,0.22350496486840815
208,2017-10-31,0.146379739851865
209,2017-11-30,0.08993611529846776
210,2017-12-31,0.0579570397491205
211,2018-01-31,0.03871960848404622
212,2018-02-28,0.029289454236667782
213,2018-03-31,0.06166775805294663
214,2018-04-30,0.20738772391186894
215,2018-05-31,0.4541083583879955
216,2018-06-30,2.0901590897064133
217,2018-07-31,1.1704680545964081
218,2018-08-31,0.35289605585598677
219,2018-09-30,0.1939847687698157
220,2018-10-31,0.12206171516718593
221,2018-11-30,0.0679303554099426
222,2018-12-31,0.04947048216187518
223,2019-01-31,0.04371832557565135
224,2019-02-28,0.04613523442793518
225,2019-03-31,0.07324092496704099
226,2019-04-30,0.3446533403871181
227,2019-05-31,0.7407699913255988
228,2019-06-30,1.2100597483310067
229,2019-07-31,2.710537376285495
230,2019-08-31,0.7038730198702763
231,2019-09-30,0.1684883998460282
232,2019-10-31,0.12308322075140134
233,2019-11-30,0.0720746594819852
234,2019-12-31,0.04655327236854716
235,2020-01-31,0.041715859799750864
236,2020-02-29,0.04103473410453442
237,2020-03-31,0.08429809563353878
238,2020-04-30,0.21086921042269421
239,2020-05-31,1.1932111050560803
240,2020-06-30,2.375202708647247
241,2020-07-31,0.9367372025411217
242,2020-08-31,0.45849056587834897
243,2020-09-30,0.2889304980042929
244,2020-10-31,0.1406478077046446
245,2020-11-30,0.0884754490384697
246,2020-12-31,0.06066231589896083
247,2021-01-31,0.04690974943019834
248,2021-02-28,0.0452452558824338
249,2021-03-31,0.08536727649386425
250,2021-04-30,0.10987157462917499
251,2021-05-31,1.2815770692439397
252,2021-06-30,2.211386411229854
253,2021-07-31,1.3697719187525066
254,2021-08-31,0.4010929787213057
255,2021-09-30,0.19339724797442895
256,2021-10-31,0.1366487585859934
257,2021-11-30,0.07146964762178758
258,2021-12-31,0.05487122884317444
259,2022-01-31,0.04990291287774587
260,2022-02-28,0.04182481829493831
261,2022-03-31,0.0982791686261525
262,2022-04-30,0.5030799239626521
263,2022-05-31,1.2221564260664752
264,2022-06-30,0.9654979811585462
265,2022-07-31,0.7315011402220343
266,2022-08-31,0.6667059009642917
267,2022-09-30,0.24980100460156268
268,2022-10-31,0.17048913692998793
269,2022-11-30,0.09521329298771952
270,2022-12-31,0.06546376587569995
271,2023-01-31,0.05361073395717849
272,2023-02-28,0.052252702489219774
273,2023-03-31,0.08348461853516292
274,2023-04-30,0.15310989305626932
275,2023-05-31,0.446096179345057
276,2023-06-30,2.519542521119607
277,2023-07-31,1.9319125560366806
278,2023-08-31,0.4468412572002958
279,2023-09-30,0.1935835859844143
280,2023-10-31,0.143867233362346
281,2023-11-30,0.08940580773797797
282,2023-12-31,0.06665170569605568
283,2024-01-31,0.05663265177731976
284,2024-02-29,0.03581099115442658
285,2024-03-31,0.07429076659667412
286,2024-04-30,0.22022733895691363
287,2024-05-31,1.2554068102612008
288,2024-06-30,1.97843826560558
289,2024-07-31,0.669449039394111
290,2024-08-31,0.4587845927720247
291,2024-09-30,0.22429321036606664
292,2024-10-31,0.13444465505654218
293,2024-11-30,0.08576403884107975
294,2024-12-31,0.058224102607342
295,2025-01-31,0.042404366463088414
296,2025-02-28,0.0440158583170995
297,2025-03-31,0.05792696218550354
298,2025-04-30,0.2643968812323223
299,2025-05-31,1.9139734673046986
300,2025-06-30,1.476300403307737
301,2025-07-31,0.7803489104628614
302,2025-08-31,0.4825294865246005
303,2025-09-30,0.2550812317965968
304,2025-10-31,0.1511887478453568
305,2025-11-30,0.09246505315615129
