date,max_temp,min_temp,temp_mean
2000-06-30,281.26686609891357,269.6594779562975,276.27113042735493
2000-07-31,284.9152979291142,275.5732963385789,280.53517006639584
2000-08-31,283.48898416266394,272.9573327078157,278.7456429892797
2000-09-30,279.90386455448896,268.1158318328482,274.4996689883304
2000-10-31,272.6186254315754,260.20886371246655,266.7276855263752
2000-11-30,264.1126527428145,253.7917743016517,259.42624733340483
2000-12-31,257.93652419263896,248.9631037193109,253.82108587667022
2001-01-31,256.1384364801301,247.20288834257934,251.74864208705276
2001-02-28,258.8053271236586,249.1965243805897,254.3582439281276
2001-03-31,262.3283652714682,250.88231278579622,256.9474474479789
2001-04-30,269.2152238826824,257.5721536059359,264.09377327539084
2001-05-31,275.7259128506779,263.44435794122194,270.3951432447528
2001-06-30,281.91914276754466,270.59126927339764,276.9841604043162
2001-07-31,285.19136786697345,275.5635078818843,280.7634784965347
2001-08-31,284.38915712726566,273.4557847088869,279.38968524060186
2001-09-30,278.36499395081336,266.283199191604,272.8481925797167
2001-10-31,272.48011200079236,260.0147925512262,266.5569959527122
2001-11-30,262.53855246457516,252.39400286142205,257.55977965038096
2001-12-31,258.3148215185474,250.15486044089081,254.65721509634295
2002-01-31,255.5347801547966,247.2594569652066,251.39072048640065
2002-02-28,258.4813010527272,249.90265857803524,254.54781594923978
2002-03-31,263.27608735066383,253.64458824066446,258.7043359777162
2002-04-30,268.57445782234805,258.2272730395768,264.05186751960014
2002-05-31,273.36886057375676,261.76186962128577,268.2840899771366
2002-06-30,279.07354324613823,266.9825055552621,273.96618675518914
2002-07-31,283.4701644226409,272.37604901249455,278.5252249018418
2002-08-31,284.8067932644753,275.09861605101344,280.2843901727174
2002-09-30,277.4274136164628,266.0761755255966,272.2758695102224
2002-10-31,273.4142465354987,261.15473698799303,267.7028023732588
2002-11-30,267.0825800116009,254.65981213314888,261.0686744788041
2002-12-31,259.576188956595,251.14679942556728,255.59836577316253
2003-01-31,258.9530296799237,249.3121033125197,254.32535918175782
2003-02-28,258.837163405802,251.5033214589292,255.44000380985102
2003-03-31,262.2797452680801,252.991515364692,258.1569640500401
2003-04-30,268.30077191172876,257.9522672593752,263.66458357849933
2003-05-31,270.16288047377435,258.78208793012993,265.2104878100671
2003-06-30,277.94204838691934,265.5677382541853,272.6369144589979
2003-07-31,284.6172272084678,273.172214080149,279.5922921303267
2003-08-31,283.8756262942393,273.74012293768186,279.22170298632034
2003-09-30,279.8618551348447,268.96618582258907,274.8570968519214
2003-10-31,270.12081421805306,257.2832739990669,263.947306904501
2003-11-30,262.7648513704722,252.79974990094496,257.98413351189737
2003-12-31,258.39993973304786,249.7009749852429,254.36885386871742
2004-01-31,257.1635171397194,249.70845208989067,253.8680980378547
2004-02-29,258.4802823750883,250.05532953610984,254.50504356721217
2004-03-31,265.49044819219563,255.37540619462817,260.70172392848366
2004-04-30,269.85361468685255,259.06593162084596,265.0723838496773
2004-05-31,272.8651651867872,260.8556202684433,267.62345505103946
2004-06-30,278.5712036227698,266.7729502067859,273.49294218893925
2004-07-31,283.39914087412143,272.08184147532785,278.36975823686
2004-08-31,283.6639958021459,272.8969414132453,278.6922417179478
2004-09-30,280.6231517415766,268.4640087018143,275.0503072639454
2004-10-31,267.70665432775763,255.79483913753768,262.2573915952076
2004-11-30,263.54093930961733,252.05702693048582,258.00204972463354
2004-12-31,260.35285140475804,251.8796686587877,256.4849916992062
2005-01-31,255.48500635428096,247.80861331841626,252.05280257929988
2005-02-28,258.6030847344228,252.52397383109692,255.78028239379165
2005-03-31,264.7781712433763,255.51606769769273,260.5630490687042
2005-04-30,266.7905054349996,256.2296799837614,262.00780766938516
2005-05-31,271.6543385524724,261.414005096746,267.28739042914304
2005-06-30,277.78996845964264,265.2945847539428,272.4233027726818
2005-07-31,283.2994088921238,273.3037259471962,278.88782940413466
2005-08-31,283.99325966026925,272.89902334236774,278.98165579902405
2005-09-30,281.390084245458,269.73763703638,276.0379900512427
2005-10-31,271.4301732505858,259.24506979779324,265.70307882748466
2005-11-30,263.0331800575667,251.6748591705214,257.6349429354844
2005-12-31,258.9448784717736,248.1161981229057,253.63039076303284
2006-01-31,257.23019038427276,250.8060298510264,254.386018260854
2006-02-28,262.7161028992313,255.1697172209026,259.37062794998553
2006-03-31,262.869049573273,252.81445974089402,258.2688800095091
2006-04-30,267.4524382912305,256.1087631491448,262.32886941200445
2006-05-31,276.1718749292897,264.2430369106543,271.01826462594386
2006-06-30,279.33771253363165,267.921971543469,274.5258344291243
2006-07-31,285.4105698940407,274.3303596794024,280.4816397793135
2006-08-31,284.02565265670137,275.33278645377726,279.85084549848716
2006-09-30,279.1573821525923,267.72821337550727,273.96289735165385
2006-10-31,273.4827240679803,261.20999330461075,267.7457396784616
2006-11-30,264.5514143388308,253.97481581881274,259.6212375068208
2006-12-31,257.4617168369565,250.01331327110444,254.15519151255648
2007-01-31,255.82348352167892,246.95648602095076,251.50430133366282
2007-02-28,260.9726176499564,251.91189899990522,256.8079422068953
2007-03-31,262.5736786053009,253.7882023770463,258.55936348647936
2007-04-30,271.0624530194563,259.53342799834013,265.67712852325855
2007-05-31,275.86559733623284,264.51336699006964,271.0605925178767
2007-06-30,281.4727320716082,270.19354831471003,276.5864593976643
2007-07-31,284.3884570328474,273.86655620784444,279.76064952682304
2007-08-31,285.11897694930286,274.6130862695546,280.2836802204699
2007-09-30,280.10442580375,268.8676834992806,274.93559805123186
2007-10-31,270.94682390608057,258.04134818921426,265.01667202683507
2007-11-30,268.1152003358984,255.21753772589543,261.8130687864389
2007-12-31,258.8964860197727,249.52616468326588,254.5831477964994
2008-01-31,255.06354654683736,248.34945148982305,252.04810936020658
2008-02-29,257.094697216506,249.0094611279964,253.35496595161737
2008-03-31,264.63707609784115,252.82252432554563,259.1543596509166
2008-04-30,268.5759813497119,257.93008009383635,263.8381442860552
2008-05-31,274.5260792499924,263.087826311586,269.5794244243027
2008-06-30,283.1281556591713,271.50410244229585,278.00170334496187
2008-07-31,285.7562580715887,274.94518079991576,280.89670477085406
2008-08-31,284.0510985600663,274.1363983781021,279.4307841069524
2008-09-30,277.4763459175907,265.36102943069835,272.0152453483481
2008-10-31,271.8881799153053,259.1166753777362,265.93218133509106
2008-11-30,265.2628949739512,253.52042233415978,259.69996913147423
2008-12-31,259.6196278745432,250.98131685248535,255.58772132073696
2009-01-31,257.9018130411748,251.00763559284567,254.92764064455326
2009-02-28,259.0865844674129,251.79366407921447,255.90409979333157
2009-03-31,263.59858431019074,254.1103654696689,259.3171076398827
2009-04-30,268.1619823243975,258.01472324000474,263.75420231339524
2009-05-31,272.2736293756028,260.70314869878786,267.2004452758702
2009-06-30,276.60228887157587,265.39292609520095,271.8898926323186
2009-07-31,282.22724902633905,270.76613739863615,277.2876458372201
2009-08-31,284.92631448947213,273.3071442923218,279.683630288957
2009-09-30,278.9665278480694,266.3491871931806,273.2731774017019
2009-10-31,271.97595473255745,260.01798119620594,266.4548571869254
2009-11-30,262.4053714450062,251.79048094390868,257.51343236102133
2009-12-31,257.0254144649295,249.32456188842062,253.5247499622008
2010-01-31,258.6658456441019,250.02594692302833,254.52942487637358
2010-02-28,259.73500025509026,252.9602897141676,256.60233276748966
2010-03-31,265.8089344523218,256.05700111368503,261.19386452237046
2010-04-30,269.56221292866263,259.23891789880514,265.06036563632244
2010-05-31,273.2350336988118,262.95298731784186,268.8423705352394
2010-06-30,275.8576654561994,264.5544379855433,271.0045522376482
2010-07-31,281.29709803401425,270.5838697027177,276.58610824474835
2010-08-31,284.23244181760043,274.8638261503922,279.867161666199
2010-09-30,278.9083698285367,267.8988607453335,273.91751736505483
2010-10-31,271.96635605853504,259.1038152176755,265.87340153999173
2010-11-30,266.5136288669911,252.88236882088415,259.7618246686959
2010-12-31,261.87570965039333,249.12974061335092,255.63932217615837
2011-01-31,256.0859824897427,246.45174719870815,251.5946567809622
2011-02-28,259.0603483106841,251.91198318176947,255.9787293076137
2011-03-31,262.801111398381,253.71462809071383,258.53424749804856
2011-04-30,267.10292514520387,256.4050698150652,262.1828126874058
2011-05-31,274.393144117408,262.41934599084004,269.15542889498766
2011-06-30,279.6373308316758,267.286777029487,274.3021660617459
2011-07-31,283.8238737602796,273.2019588097989,279.11824473815216
2011-08-31,284.7502996726702,274.17903804838,279.91199856238336
2011-09-30,280.29325612655356,269.26294560650496,275.1555801472085
2011-10-31,272.2525698209906,260.2606204657194,266.66128358356485
2011-11-30,265.0639818430784,254.6713195787635,260.1843000153693
2011-12-31,258.725502641245,249.0553016970763,254.09727535226713
2012-01-31,254.4286789666614,246.22323032606877,250.55612049197222
2012-02-29,257.9293611272029,250.45345862093473,254.62740233037354
2012-03-31,262.3596512059826,253.6268519822293,258.6040040787559
2012-04-30,268.1958259646616,257.03182875638487,263.14652924140665
2012-05-31,272.3287432587446,260.5988577067187,267.39525611910034
2012-06-30,277.2669406843757,265.1801352003118,272.04669008650137
2012-07-31,283.377132916104,271.47542246780586,278.0731615611905
2012-08-31,284.7358115655629,274.68236171948575,280.0612518378046
2012-09-30,279.3413539116584,268.9173826298919,274.5156723120469
2012-10-31,269.8376153508785,258.0947203864919,264.34009711001295
2012-11-30,264.40355434649325,252.57902753205104,258.8207631942314
2012-12-31,257.65976402449036,249.41937479791085,253.9332645338745
2013-01-31,254.1214941491868,246.41569296982448,250.4477118146194
2013-02-28,258.83189100359016,250.93405673826877,255.30927534164607
2013-03-31,263.96330365361473,253.96977358054235,259.3417672906072
2013-04-30,268.3695715402266,257.04369548888207,263.4211377351032
2013-05-31,272.6432477746799,261.1522643614414,267.6521114836739
2013-06-30,278.9247613331546,267.2145362436449,273.83823145536826
2013-07-31,284.2261766610102,272.67301203690107,279.11327274256536
2013-08-31,284.36327252153546,275.07322482806745,279.96520558413476
2013-09-30,280.84323313742317,269.0969967161765,275.4524066347623
2013-10-31,274.528954621378,262.14726796855103,268.75307340282666
2013-11-30,262.30101653718816,250.94716309312238,256.79708613428295
2013-12-31,259.29821829524275,249.4244765736991,254.56356719659465
2014-01-31,256.65896677682366,247.6978513849343,252.5104915093392
2014-02-28,257.77988539703443,249.94614886084818,254.17879304654463
2014-03-31,263.03783820595106,253.98792502815547,259.1275517637214
2014-04-30,267.09489405365025,256.5329846354746,262.4172106266256
2014-05-31,272.74937148993575,262.1986963402346,268.20717411784705
2014-06-30,278.27693838153635,266.29320766864214,273.08143192416253
2014-07-31,284.0083133218207,272.7365845237306,278.9537711810457
2014-08-31,283.5894875642006,272.3927502758485,278.50969946764116
2014-09-30,278.9539271843533,267.58746435109515,273.7631587153167
2014-10-31,271.70337789716837,259.6091173795308,266.1253611427372
2014-11-30,262.48173295620626,252.05574353391037,257.437746267835
2014-12-31,258.3596570237669,248.77314969173503,253.8283129227493
2015-01-31,257.0646462106908,248.39667856482373,253.02527058199246
2015-02-28,260.0750623255968,252.35797440778103,256.4893104422548
2015-03-31,263.46677909261564,254.14831991614975,259.3172634575666
2015-04-30,267.8916306918137,256.8828291241738,262.9530129421904
2015-05-31,272.78452845823773,261.49730890504213,267.91814967085753
2015-06-30,276.88964502502984,265.54507353530164,272.0922698633746
2015-07-31,284.02012063640615,274.02867626092836,279.4908388127044
2015-08-31,283.75230506147113,273.66945826908,279.108349015767
2015-09-30,277.7171596239337,266.1877792537143,272.5455887901325
2015-10-31,270.53203884766145,258.01311483978174,264.74067860613593
2015-11-30,262.7269461408763,254.22898640420988,258.8168245331361
2015-12-31,256.85549049662535,248.63445808158053,253.07479886293902
2016-01-31,257.02909170869697,248.90744127511155,253.12314631651964
2016-02-29,258.7768103555616,249.62132347202964,254.31990754143482
2016-03-31,264.92183702279834,254.77708970765593,260.3247376238674
2016-04-30,268.8971326876802,258.34215216993925,264.3434853439377
2016-05-31,274.4557904137333,263.27233470988165,269.53187372225347
2016-06-30,280.7505679985074,269.39528594964327,275.88076186830256
2016-07-31,284.43678060485723,274.1056752922328,279.8099733116784
2016-08-31,283.8553110726039,274.27685336059017,279.41450331967513
2016-09-30,280.98703736033326,269.37549582360356,275.60731042893974
2016-10-31,273.5419393774553,261.6781302483492,267.9582347919163
2016-11-30,266.9158496038466,256.11695419655024,261.7929428387677
2016-12-31,260.8171498190322,250.80897267955356,256.12252833010047
2017-01-31,257.08916846166767,249.8403358764788,253.8807875759282
2017-02-28,259.48341133630987,251.87173003657955,256.15559084162084
2017-03-31,263.04403803901033,253.77462341906747,258.85122506629244
2017-04-30,268.647081771014,258.9101904547347,264.16656807540227
2017-05-31,274.4571454719984,263.20659849269435,269.57223798181406
2017-06-30,279.71195920336555,269.0238703032075,275.1608543575741
2017-07-31,284.6679097892539,274.9600710205445,280.2423600014248
2017-08-31,284.23155881091634,273.90925497854613,279.4824854149972
2017-09-30,279.82109111035265,268.4326068612354,274.639357856556
2017-10-31,273.5657940117791,261.1589128080684,267.7528043195929
2017-11-30,266.93515857369283,255.3115260013995,261.23127567013495
2017-12-31,259.7398808814355,250.54050633179548,255.64350441662555
2018-01-31,257.2768365973974,248.1363011770029,252.92587016213918
2018-02-28,259.78740815294816,250.48334512281716,255.60095719336732
2018-03-31,264.3068128178553,253.3785347250142,259.3343072354762
2018-04-30,269.6505890055308,258.54191242500326,264.58685396193164
2018-05-31,272.88783871885795,261.4383133327317,267.8479273267218
2018-06-30,279.35343553445625,268.2344313866126,274.5146615081233
2018-07-31,284.0217543841354,273.66356195426664,279.35343866254175
2018-08-31,285.503119366936,275.30101000229985,280.7811826729608
2018-09-30,279.24106905569755,268.2490305662129,274.13921892008295
2018-10-31,268.0540147770733,255.96049827462147,262.3871697045691
2018-11-30,261.4857307484432,252.6206933395432,257.50865182786464
2018-12-31,256.68201323957703,247.59390541807525,252.22687421215878
2019-01-31,255.73388072316163,248.299487178155,252.5174374351845
2019-02-28,258.6828925830768,251.52136537124025,255.48024591493643
2019-03-31,262.5968208969648,252.10952232037013,258.01493999501173
2019-04-30,270.6242213671861,260.2388511885018,266.0016753063417
2019-05-31,272.3697329577047,261.02314216960525,267.44123524195146
2019-06-30,275.9119671811278,264.48466308969256,271.0602766151387
2019-07-31,282.97812557625383,271.60198131333465,277.8461792991279
2019-08-31,284.0631367194857,273.94847921061944,279.4316940566286
2019-09-30,282.31716216104144,270.7362031256194,276.95905592838307
2019-10-31,271.66160320604234,259.70753467372504,266.0712154803279
2019-11-30,263.0251724400456,254.60569691267062,259.32676757479373
2019-12-31,255.21825867435103,247.81148010633527,251.54848786276793
2020-01-31,255.36857240604687,248.15977972575942,252.20109481624633
2020-02-29,258.7093766308837,249.82594606295282,254.39883365620173
2020-03-31,264.27211182452044,254.35716044141554,259.6989310281455
2020-04-30,268.6738821675038,257.5212932921598,263.6722930859058
2020-05-31,273.8036548527933,263.0931130756086,269.23694661954323
2020-06-30,279.11998631850724,267.95330382336664,274.4115956552862
2020-07-31,283.56028825373465,272.5896852596991,278.73704498417345
2020-08-31,285.81584187260364,275.4933065092549,281.06322384457485
2020-09-30,280.27854321544237,268.9183980523869,275.1271749153333
2020-10-31,273.39099422059604,261.49206229027084,267.86478227642135
2020-11-30,263.6636695943144,253.79301664085557,259.112888894544
2020-12-31,256.31065879417207,248.7556069555454,252.82835913583048
2021-01-31,255.73224920757033,247.45903179560142,251.6896848146324
2021-02-28,261.91875157422385,251.78034297636518,257.0575450854415
2021-03-31,264.27467778359795,254.87593550233186,260.16130329170113
2021-04-30,266.1877681091447,255.69664327377592,261.4512937626184
2021-05-31,273.31454837847576,262.40937667274994,268.6471198368346
2021-06-30,279.16441390351554,267.8598433263987,274.367492414063
2021-07-31,284.45220556552727,274.2498903565322,279.87752455632983
2021-08-31,283.52781717315355,273.28795233827014,278.92341046429675
2021-09-30,282.40520949502235,270.4851526534493,276.95218868085647
2021-10-31,271.1933377515572,259.99709792449363,265.99794501754735
2021-11-30,261.32623963831,250.06635125969294,255.88442679466178
2021-12-31,257.5773380652458,247.5768105976946,252.83193930499104
2022-01-31,256.8082995762906,249.26269070662877,253.4271362504064
2022-02-28,258.2162918112903,249.4538729639143,254.2447011829973
2022-03-31,266.2960371754078,255.66651976647276,261.52782770617495
2022-04-30,271.4639012819182,259.54341257450585,266.17245861569626
2022-05-31,276.524093598655,265.48050265882324,271.790350100994
2022-06-30,280.1673508974232,268.83768765093265,275.2605986865876
2022-07-31,286.18902744719736,276.7347652629832,281.74252667829415
2022-08-31,284.4464587163174,275.6995239768675,280.36294813033624
2022-09-30,280.7602052157119,269.20304778331274,275.5096440362924
2022-10-31,270.70336336350505,257.4052151984041,264.4822026952056
2022-11-30,261.47638415268693,251.87272567676078,257.03063538494376
2022-12-31,258.26675331781564,248.99019740967012,253.76785576818472
2023-01-31,255.97155586295128,248.8526866437249,252.66795483972336
2023-02-28,259.9900267504555,252.42638896490112,256.64339675025576
2023-03-31,264.89607209810066,253.99266876525127,259.8192468669319
2023-04-30,267.9350488795397,257.59177970808344,263.17697649114666
2023-05-31,271.327991072363,260.2820300449335,266.5948349665431
2023-06-30,278.066635858887,266.7239860388277,273.10870659432175
2023-07-31,282.9232209655277,273.5368566756949,278.73360587146857
2023-08-31,285.01835129965804,274.44153935613514,280.2631493414013
2023-09-30,281.6964433670742,270.0615992030709,276.31771306514713
2023-10-31,270.555720856224,258.4150177775467,264.84977668475295
2023-11-30,265.5020086861171,253.66961328150046,259.8402275342925
2023-12-31,261.4826501353343,249.7968054341128,255.75330343499323
2024-01-31,261.36849623955663,249.5753467532976,255.6039656705921
2024-02-29,257.70135251596696,248.81622048160685,253.53614174714585
2024-03-31,263.43907302177695,254.19332405376008,259.3045069000408
2024-04-30,268.1849422795251,257.47495541026416,263.4430680954334
2024-05-31,274.4679196486292,262.545262726597,269.2439028964663
2024-06-30,279.6112179109825,267.8895176297175,274.6535277210803
2024-07-31,286.1077678276158,275.2014641682501,281.23076200510707
2024-08-31,285.9614357484258,276.61657863341355,281.53276829295936
2024-09-30,282.22327088323453,270.9025872544905,277.0363511151415
2024-10-31,274.9984829722254,263.0949690644387,269.45407088246697
2024-11-30,266.2880695123212,255.85675871788922,261.32614795313424
2024-12-31,258.13055891364485,248.55570972436735,253.5306866693471
2025-01-31,257.11699126122534,249.3889729614583,253.48633063908193
2025-02-28,259.371527422988,250.44829350884766,255.26401239013512
2025-03-31,262.70484739923273,253.5168962432607,258.5285943299547
2025-04-30,269.80400274133393,258.21297978409825,264.5817602470922
2025-05-31,276.0700332095567,264.5098313340563,271.0444019037156
2025-06-30,282.1267112492686,270.7449699638307,277.1794761828723
2025-07-31,286.3246213714436,277.1486188832091,282.03363641244874
2025-08-31,285.1878289916228,275.2102806227922,280.63622119807803
2025-09-30,282.0459468014382,270.7309741507431,276.9432924608872
2025-10-31,270.5933936955777,257.89568786926714,264.39665399553223
2025-11-30,265.42539463853575,251.68508972868685,258.55876028198423
